smape,rmse,mae,mse,r2,predictions,targets
22.960138,11.773539238321206,3.7234482765197754,138.61621899165377,0.87552774,[12.40556    3.1715374 28.886051  ...  6.536865   5.4633403 32.754044 ],[13.12  1.97 30.34 ...  6.25  4.99 31.99]
